Name,Address,Accreditation Date
A & K Distributors PR LLC,"Hangar 403 Bromon DriveAguadilla, PR 00603",Reaccreditation in process
A-S Medication Solutions LLC,"1845 N Airport RdFremont, NE 68025",02/12/21
"A-S Medication Solutions, LLC","2401 Commerce DrLibertyville, IL 60048",07/25/22
"A.F. Hauser, Inc","4401 E U.S. Highway 30Valparaiso, IN 46383",08/02/22
A2A Integrated Logistics Inc,"1830 Owen Drive, Ste 10-2Fayetteville, NC 28304",04/13/21
AbbVie US LLC.,"1 N Waukegan RdNorth Chicago, IL 60064",Reaccreditation in process
Acey Rx LLC dba NDC Distributors,"4 Corporate DriveSuite DCranbury, NJ 08512",Reaccreditation in process
Akron Generics LLC dba ACRX,"47 Mall DriveCommack, NY 11725",04/01/23
"Alexso, Inc.","2317 Cotner AveLos Angeles, CA 90064",Reaccreditation in process
"ALK-Abello, Inc.","2 Channel DrivePort Washington, NY 11050",Reaccreditation in process
Alpine Health LLC,"601 Penhorn Ave, Unit 1Secaucus, NJ 07094",01/01/22
"Amatheon Animal Health, LLC dba Amatheon Pharmaceuticals","1301 NW 84th Ave, Ste 101AMiami, FL 33126",04/07/23
AMC Pharmacy Solutions Inc dba AMC Pharmacy Solutions,"185 W Netherwood Rd, Suite 2BOregon, WI 53575",02/17/21
AMD Medicom Inc,"6054 Shook Rd, Ste 200Lockbourne, OH 43137",06/28/21
"American Pharmaceutical Ingredients, LLC dba American Pharmaceutical Distributors","6650 Highland Road, Unit 302Waterford, MI 48327",10/22/21
"American Regent, Inc","5 Ramsey RoadShirley, NY 11967",Reaccreditation in process
"American Regent, Inc","26 Precision Drive Shirley, NY 11967",Reaccreditation in process
"American Regent, Inc. ","6610 New Albany Rd ENew Albany, OH 43054 ",08/19/22
Amerisource Health Services LLC dba American Health Packaging, OH ,Reaccreditation in process
AmerisourceBergen Drug Corporation, VA ,Reaccreditation in process
AmerisourceBergen Drug Corporation, PA ,Reaccreditation in process
AmerisourceBergen Drug Corporation, MA ,01/27/22
AmerisourceBergen Drug Corporation, IL ,07/16/22
AmerisourceBergen Drug Corporation, OH ,07/16/22
AmerisourceBergen Drug Corporation, CO ,12/17/22
AmerisourceBergen Drug Corporation, CA ,05/11/21
AmerisourceBergen Drug Corporation, UT ,05/26/21
AmerisourceBergen Drug Corporation, NC ,08/14/21
AmerisourceBergen Drug Corporation, MI ,03/01/22
AmerisourceBergen Drug Corporation, NY ,03/07/23
AmerisourceBergen Drug Corporation, KY ,03/01/22
AmerisourceBergen Drug Corporation, MN ,08/01/22
AmerisourceBergen Drug Corporation, IN ,07/22/22
AmerisourceBergen Drug Corporation, OH ,07/22/22
AmerisourceBergen Drug Corporation, MS ,07/22/22
AmerisourceBergen Drug Corporation, NY ,08/01/22
AmerisourceBergen Drug Corporation, TX ,Reaccreditation in process
AmerisourceBergen Drug Corporation, CA ,12/18/20
AmerisourceBergen Drug Corporation, GA ,04/12/21
AmerisourceBergen Drug Corporation, FL ,12/21/20
AmerisourceBergen Drug Corporation, AZ ,Reaccreditation in process
AmerisourceBergen Drug Corporation, TX ,01/30/21
AmerisourceBergen Drug Corporation, WA ,02/12/21
AmerisourceBergen Drug Corporation, MO ,12/18/20
"Amgen USA, Inc","12000 Plantside DriveLouisville, KY 40299",04/26/22
Amneal Pharmaceuticals LLC,"115 Carroll Knicely DriveGlasgow, KY 42141",Reaccreditation in process
Amneal Pharmaceuticals LLC,"40 Aberdeen DriveGlasgow, KY 42141",Reaccreditation in process
Amneal Pharmaceuticals LLC,"118 Beaver TrailGlasgow, KY 42141",Reaccreditation in process
"Amneal Pharmaceuticals of New York, LLC","50 Horseblock RoadBrookhaven, NY 11719",07/19/21
"Anda, Inc","2915 Weston RdWeston, FL 33331",Reaccreditation in process
"Anda, Inc dba Anda Pharmaceuticals, Inc","8644 Polk LnOlive Branch, MS 38654",06/21/22
"Animal Health International, Inc.","392 15th Street North EastSioux Center, IA 51250",10/04/21
"Animal Health International, Inc.","1117 West MainManchester, IA 52057",10/08/21
"ANIMART, LLC dba Armor Animal Health","111 Commercial DrBeaver Dam, WI 53916",Reaccreditation in process
"AnovoRx Distribution, LLC","1710 N Shelby Oaks Dr, Ste 6Memphis, TN 38134",Reaccreditation in process
"Apace KY, LLC dba Apace Packaging","12954 Fountain Run RoadFountain Run, KY 42133",08/14/21
"Aphena Pharma Solutions - Tennessee, LLC dba Aphena Pharma Solutions","1976 Chocolate DriveCookeville, TN 38506",11/29/22
Apnar Pharma LP,"4820 Lanier RdChino, CA 91710",06/29/23
Apotex Corp,"2516 Airwest BlvdPlainfield, IN 46168",08/06/21
"Areva Pharmaceuticals, Inc","7112 Areva Drive NEGeorgetown , IN 47122",12/19/20
ASD Specialty Healthcare LLC dba ASD Healthcare; Besse Medical; Oncology Supply,"5566 East Arrow HwyMontclair, CA 91763",07/14/22
"ASD Specialty Healthcare, LLC", KY ,03/22/22
"ASD Specialty Healthcare, LLC", NV ,09/08/21
"ASD Specialty Healthcare, LLC dba Oncology Supply", AL ,09/05/22
"Associated Food Stores, Inc.","1850 West 2100 SouthSalt Lake City, UT 84119",07/27/21
"Associated Pharmacies, Inc","211 Lonnie E Crawford BlvdScottsboro, AL 35769",09/08/22
"Associated Pharmacies, Inc dba API","5375 Mineral Wells RdMemphis, TN 38141",07/10/22
Astor Drugs,"665 Union Ave, Suite 3Holtsville, NY 11742",04/13/21
AstraZeneca Pharmaceuticals LP,"355 Omicron CourtShepherdsville, KY 40165",08/24/22
Atlantic Biologicals Corp dba Atlantic Biologicals,"20101 NE 16th PlMiami, FL 33179",Reaccreditation in process
Atlantic Business Organization Corp dba ABO Pharmaceuticals,"7930 Arjons Dr, Ste ASan Diego, CA 92126",Reaccreditation in process
Auburn Pharmaceutical Company,"1979 South 4130 WestSalt Lake City, UT 84104",Reaccreditation in process
Auburn Pharmaceutical Company,"1744 Rochester Industrial DriveRochester Hills, MI 48309",10/13/21
"Aurobindo Pharma USA, Inc","6 Wheeling RoadDayton, NJ 08810",Reaccreditation in process
Aurologistics LLC,"203 Windsor Center DriveEast Windsor, NJ 08520",Reaccreditation in process
"Axia Medical Solutions, LLC","2105 Camino Vida Roble, Ste LCarlsbad, CA 92011",Reaccreditation in process
AxoGen Corporation,"300 Boone Rd, Ste A3Burleson, TX 76028",02/23/21
"Azenta US, Inc dba Azenta Life Sciences","2910 Fortune Cir W, Ste EIndianapolis, IN 46241",10/01/22
B. Braun Medical Inc.,"1151 Mildred AvenueOntario, CA 91761",06/08/21
B. Braun Medical Inc.,"1341 N Clyde Morris BlvdDaytona Beach, FL 32117",03/15/22
"B. Braun Medical, Inc","200 Boulder DrBreinigsville, PA 18031",Reaccreditation in process
Baxter Healthcare - Mt Carmel Global Logistics Center,"629 Mount Carmel RdByhalia, MS 38611",08/06/21
Baxter Healthcare Corporation,"65 Pitts Station RdMarion, NC 28752",04/15/22
Baxter Healthcare SA dba Baxter Healthcare of Puerto Rico,"530 Road #5, Bldg 1Catano, PR 00962",05/15/21
"Becton, Dickinson and Company dba BD Distribution Center","2350 Reeves RoadPlainfield, IN 46168",04/19/22
"Becton, Dickinson and Company dba BD Distribution Center","2200 West San Bernardino AveRedlands, CA 92374",04/11/22
"Becton, Dickinson and Company dba BD Distribution Center","130 Four Oaks ParkwayFour Oaks, NC 27524",01/13/21
Benco Dental Supply Co,"625 Waltham Way, Ste 107McCarran, NV 89434",02/25/22
Benco Dental Supply Co,"501 Lakeside Parkway, Ste 100Flower Mound, TX 75028",Reaccreditation in process
Benco Dental Supply Co,"13525 International PkwyJacksonville, FL 32218",Reaccreditation in process
Benco Dental Supply Company dba Benco Dental Company,"3424 Centennial Dr, Ste 150Fort Wayne, IN 46808",04/19/22
Benco Dental Supply Company dba Benco Dental Company,"295 CenterPoint BoulevardPittston, PA 18640",Reaccreditation in process
"BioCare, Inc dba BioCareSD","2826 S Potter DrTempe, AZ 85282",12/08/21
"BioCare, Inc dba BioCareSD ","6356 Commercial Dr, Ste 150Olive Branch, MS 38654",11/22/23
BioConvergence LLC dba Singota Solutions,"4320 West Zenith DriveBloomington, IN 47404",Reaccreditation in process
Biofrontera Inc,"120 Presidential Way, Suite 330Woburn, MA 01801",10/18/23
BioRidge Pharma LLC,"325 Columbia Turnpike, Ste 111Florham Park, NJ 07932",09/20/21
Bioverativ U.S. LLC,"1025 Sandhill Road, Suite AReno, NV 89521",01/31/22
Bloodworth Wholesale Drugs,"2128 Yank Lamb DrTifton, GA 31793",Reaccreditation in process
"BluPax Pharmaceuticals, LLC dba BluPax Pharma","160 Raritan Center Parkway, Suite 1Edison, NJ 08837",09/10/21
Bonita Pharmaceuticals,"6380 Commerce DriveWestland, MI 48185",Reaccreditation in process
"Boston Medical Products, Inc.","70 Chestnut St.Shrewsbury, MA 01545",12/18/20
Boston Scientific Corporation,"780 Brookside DrSpencer, IN 47460",08/02/22
Boston Scientific Corporation,"500 Commander Shea BlvdQuincy, MA 02171",12/10/21
"Bound Tree Medical, LLC","1605 Zeager Rd, Ste 101Elizabethtown, PA 17022",Reaccreditation in process
"Bound Tree Medical, LLC","2243 North Plaza DriveVisalia, CA 93291",Reaccreditation in process
"Bound Tree Medical, LLC","2619 Ignition Dr Ste #2Jacksonville, FL 32218",12/06/22
"Bound Tree Medical, LLC","2911 S Great Southwest Pkwy Ste 200Grand Prairie, TX 75052",02/16/23
"Bound Tree Medical, LLC","1033 Collins Road Ste AGreenwood, IN 46143",08/19/22
"Boxout, LLC","6333 Hudson Crossing PkwyHudson, OH 44236",05/08/21
Bryant Ranch Prepack,"1919 N Victory PlBurbank , CA 91504",Reaccreditation in process
BTG International Inc,"300 Four Falls Corporate CtrWest Conshohocken, PA 19428",Reaccreditation in process
"Burlington Drug Company, Inc dba Smith Drug Company","91 Catamount DriveMilton, VT 05468",Reaccreditation in process
"C.R. Bard, Inc","14201 Lochridge BlvdCovington, GA 30014",07/28/22
"Calvin Scott & Company, Inc","209 Eubank Blvd NEAlbuquerque, NM 87123",Reaccreditation in process
"Camber Pharmaceuticals, Inc","1031 Centennial AvePiscataway, NJ 08854",12/18/20
"Camber Pharmaceuticals, Inc.","800 Centennial Avenue Suite 1Piscataway, NJ 08854",06/29/22
Capital Wholesale Drug Co,"873 Williams AvenueColumbus, OH 43212",02/16/22
"Cardinal Health 105, LLC dba Specialty Pharmaceutical Services","15 Ingram BlvdLaVergne, TN 37086",04/26/22
"Cardinal Health 105, LLC dba Specialty Pharmaceutical Services","6640 Echo Ave, Ste DReno, NV 89506",Reaccreditation in process
"Cardinal Health 105, LLC dba Specialty Pharmaceutical Services","501 Mason Road, Ste 200LaVergne, TN 37086",02/18/22
"Cardinal Health 105, LLC dba Specialty Pharmaceutical Services","300 Rouse Blvd, Suite 100Philadelphia, PA 19112",11/15/23
"Cardinal Health 108, LLC dba Cardinal Health; Metro Medical Supply","6640 Echo Ave, Ste JReno, NV 89506",Reaccreditation in process
"Cardinal Health 108, LLC dba Cardinal Health; Metro Medical Supply","233 Mason RdLaVergne, TN 37086",03/17/23
"Cardinal Health 110, LLC","2512 Westcott BoulevardKnoxville, TN 37931",09/11/23
"Cardinal Health 110, LLC dba Cardinal Health","2840 Elm Point DrSt Charles, MO 63301",05/10/22
"Cardinal Health 110, LLC dba Cardinal Health","2045 Interstate DrLakeland, FL 33805",01/12/21
"Cardinal Health 110, LLC dba Cardinal Health","2901 Enloe StHudson, WI 54016",Reaccreditation in process
"Cardinal Health 110, LLC dba Cardinal Health","7601 NE Gardner AveKansas City, MO 64120",Reaccreditation in process
"Cardinal Health 110, LLC dba Cardinal Health","1120 Commerce BlvdSwedesboro, NJ 08085",12/29/22
"Cardinal Health 110, LLC dba Cardinal Health","71 Mil Acres DrWheeling, WV 26003",04/02/22
"Cardinal Health 110, LLC dba Cardinal Health","2353 Prospect DrAurora, IL 60502",02/16/22
"Cardinal Health 110, LLC dba Cardinal Health","3238 Dwight RdElk Grove, CA 95758",03/25/21
"Cardinal Health 110, LLC dba Cardinal Health","955 W 3100 SSalt Lake City, UT 84119",05/11/21
"Cardinal Health 110, LLC dba Cardinal Health","4875 Florence StDenver, CO 80238",02/19/21
"Cardinal Health 110, LLC dba Cardinal Health","851 Henrietta Creek RdRoanoke, TX 76262",09/16/21
"Cardinal Health 110, LLC dba Kinray","152-35 10th AveWhitestone, NY 11357",Reaccreditation in process
"Cardinal Health 110, LLC dba Parmed Pharmaceuticals","5960 E Shelby Dr, Ste 100Memphis, TN 38141",09/30/22
"Cardinal Health 112, LLC dba Cardinal Health","5995 Commerce Center DrGroveport, OH 43125",07/17/21
"Cardinal Health 112, LLC dba Cardinal Health","801 C Street NWAuburn, WA 98001",06/18/21
"Cardinal Health 200, LLC dba Cardinal Health","500 Neelytown RdMontgomery, NY 12549",Reaccreditation in process
"Cardinal Health 200, LLC dba Cardinal Health","9000 109th Ave NChamplin, MN 55316",Reaccreditation in process
"Cardinal Health 200, LLC dba Cardinal Health","1761 Satellite BlvdBuford, GA 30518",05/07/23
"Cardinal Health 200, LLC dba Cardinal Health","700 Vaughn RdDixon, CA 95620",03/25/21
"Cardinal Health 200, LLC dba Cardinal Health","3595 W Technology DrSalt Lake City, UT 84119",02/19/21
"Cardinal Health 200, LLC dba Cardinal Health","2101 Waukegan Rd - MWDCWaukegan, IL 60085",12/26/21
"Cardinal Health 200, LLC dba Cardinal Health","5532 Spellmire DrCincinnati, OH 45246",12/26/21
"Cardinal Health 200, LLC dba Cardinal Health","4551 East Philadelphia StOntario, CA 91761",07/11/22
"Cardinal Health 200, LLC dba Cardinal Health","3080 W Interstate 20Grand Prairie, TX 75052",09/05/22
"Cardinal Health 200, LLC dba Cardinal Health","2310 Center Square RdSwedesboro, NJ 08085",12/29/22
"Cardinal Health 200, LLC dba Cardinal Health","8640 Nail Rd, Ste 115Olive Branch, MS 38654",12/30/22
"Cardinal Health 200, LLC dba Cardinal Health","13636 Lakefront DrEarth City, MO 63045",Reaccreditation in process
"Cardinal Health 200, LLC dba Cardinal Health","8440 Concord Center DrEnglewood, CO 80112",05/01/23
"Cardinal Health 200, LLC dba Cardinal Health","701 Pride DrHammond, LA 70401",Reaccreditation in process
"Cardinal Health 200, LLC dba Cardinal Health","6000 Rosa Parks BlvdDetroit, MI 48208",05/12/21
"Cardinal Health 200, LLC dba Cardinal Health","110 Kendall Park LnAtlanta, GA 30336",Reaccreditation in process
"Cardinal Health 200, LLC dba Cardinal Health","5260 Naiman ParkwaySolon, OH 44139",Reaccreditation in process
"Cardinal Health 200, LLC dba Cardinal Health","4225 S 57th StreetOmaha, NE 68117",09/03/22
"Cardinal Health 200, LLC dba Cardinal Health","11300 Glenwood StOverland Park, KS 66211",01/06/23
"Cardinal Health 200, LLC dba Cardinal Health","6275 Lance DriveRiverside, CA 92507",01/12/23
"Cardinal Health 200, LLC dba Cardinal Health","9756 Heartland CtColumbus, OH 43217",11/10/23
Cardinal Health Packaging Solutions,"339 Mason RoadLaVergne, TN 37086",12/21/20
"Cardio Partners, Inc","1001 Flagpole CtBrentwood, TN 37027",09/30/22
"Cardio Partners, Inc","1800 US Highway 51 NWoodruff, WI 54568",06/29/23
"Carestream Health, Inc.","882 Linden AvenueRochester, NY 14625",Reaccreditation in process
"Carlsbad Technology, inc.","5922 Farnsworth CourtCarlsbad, CA 92008",Reaccreditation in process
"Catalent CTS, LLC","10245 Hickman Mills DrKansas City, MO 64137",04/01/21
"Catalent Pharma Solutions, LLC","3031 Red Lion RoadPhiladelphia, PA 19114",Reaccreditation in process
"Central Admixture Pharmacy Services, Inc","6580 Snowdrift Road, Ste 100Allentown, PA 18106",Reaccreditation in process
"Central Admixture Pharmacy Services, Inc.","2200 South 43rd AvePhoenix, AZ 85043",Reaccreditation in process
"Central Admixture Pharmacy Services, Inc. (CAPS)","6845 Snowdrift Road, Ste 100Allentown, PA 18106",01/23/21
"Ceva Animal Health, LLC","8600 NE Underground Drive, Pillar 303Kansas City, MO 64161",Reaccreditation in process
"CityMedRx, LLC","97-17 64th Road, Lower LevelRego Park, NY 11374",12/20/21
"CK Solutions, LLC","228 Strawbridge Drive, Ste 301Moorestown, NJ 08057",Reaccreditation in process
"Clean Harbors Environmental Services, Inc","2247 Nebraska 71Kimball, NE 69145",08/29/22
Clean Harbors of Aragonite,"11600 North Aptus RoadDugway, UT 84022",04/20/21
Clinical Solutions Wholesale LLC,"416 Mary Lindsay Polk Dr, Ste 519Franklin, TN 37067",10/07/22
"Clinigen Clinical Supplies Management, Inc dba Clinigen Clinical Supplies Management","342 42nd St South Fargo, ND 58103",02/20/21
"Clint Pharmaceuticals, Inc","629 Shute LaneOld Hickory, TN 37138",03/11/21
"Clipper Distributing Company, LLC","1302 S 59th StSt Joseph, MO 64507",Reaccreditation in process
"Cochran Wholesale Pharmaceutical, LLC","1304 South Broad St, Suite 1170Monroe, GA 30655",02/20/21
Community Blood Center,"349 S Main StreetDayton, OH 45402",Reaccreditation in process
Concordance Healthcare Solutions LLC,"3901 West 34th Street NorthSioux Falls, SD 57107",Reaccreditation in process
"Concordance Healthcare Solutions, LLC","13400 Lakefront DrEarth City, MO 63045",09/10/21
"Concordance Healthcare Solutions, LLC","500 Industrial Park DrShelbyville, IN 46176",02/23/22
"Concordance Healthcare Solutions, LLC","276 Enterprise WayMocksville, NC 27028",Reaccreditation in process
"Concordance Healthcare Solutions, LLC","3625 Park Circle DrKalamazoo, MI 49048",Reaccreditation in process
"Cook Incorporated dba Cook Group, Inc","750 Daniels WayBloomington, IN 47404",06/22/21
"Cook Medical, LLC","400 Daniels WayBloomington, IN 47404",06/22/21
"Covanta Environmental Solutions, LLC","2320 S. Harding Street, Suite 100Indianapolis, IN 46221",08/15/23
Covetrus North America,"7940 W Doe Ave, Ste 400Visalia, CA 93291",Reaccreditation in process
Covetrus North America,"14800 FAA Blvd, Ste 100Fort Worth, TX 76155",Reaccreditation in process
Covetrus North America,"19905 SW 95th AveTualatin, OR 97062",Reaccreditation in process
Covetrus North America,"4296 Albany StAlbany, NY 12205",02/20/21
Covetrus North America,"2150 Boggs Rd, Bldg 500, Ste 550Duluth, GA 30096",Reaccreditation in process
Covetrus North America,"1499 Zeager Rd, Ste 5Elizabethtown, PA 17022",Reaccreditation in process
Covetrus North America,"11300 Meredith DrUrbandale, IA 50322",07/15/21
Covetrus North America,"920 Citation BlvdLexington, KY 40511",11/09/21
Covetrus North America,"1908 Ruffin Mill RdColonial Heights, VA 23834",04/15/22
"Covetrus North America, LLC dba Covetrus North America","3820 Twin Creeks DrColumbus, OH 43204",Reaccreditation in process
"Covetrus North America, LLC dba Covetrus North America","13250 E Smith Rd, Unit EAurora, CO 80011",03/25/21
"Covetrus North America, LLC dba Covetrus North America","3850 Twin Creeks DrColumbus, OH 43204",04/15/22
"Covetrus North America, LLC dba Covetrus North America","1085 Stateline Rd ESouthaven, MS 38671",04/15/22
"Crown Laboratories, Inc","349 Lafe Cox DrJohnson City, TN 37604",Reaccreditation in process
"Curium US, LLC","2703 Wagner PlaceMaryland Heights, MO 63043",10/29/22
CVS Indiana LLC - DDA,"7590 Empire DrIndianapolis, IN 46219",Reaccreditation in process
"CVS Orlando FL Distribution, LLC","8201 Chancellor DrOrlando, FL 32809",02/16/22
"CVS Pharmacy, Inc","225 Harpers Landing BlvdConroe, TX 77385",Reaccreditation in process
"CVS Pharmacy, Inc","800 CVS DrEnnis, TX 75119",05/08/22
"CVS Pharmacy, Inc","3 Berry DriveLumberton, NJ 08048",04/19/22
"CVS Pharmacy, Inc","150 Industrial HwyNorth Smithfield, RI 02896",02/05/22
"CVS Pharmacy, Inc dba CVS Distribution Center","777 S Harbor Blvd, Ste D-152La Habra, CA 90631",Reaccreditation in process
"CVS Pharmacy, Inc. dba CVS Health","10651 N. Congress AveKansas City, MO 64153",04/02/22
"CVS RX Services, Inc dba CVS Pharmacy Distribution Ctr","150 White Wagon RdChemung, NY 14825",Reaccreditation in process
"CVS TN Distribution, LLC","10017 Kingston PikeKnoxville, TN 37922",02/06/22
"D & H Wholesale Medical, Inc.","609 Willow Glen DriveRuston, LA 71270",01/19/21
"Dakota Drug, Inc","1101 Lund BlvdAnoka, MN 55303",Reaccreditation in process
"Dakota Drug, Inc","4121 12th Ave NWFargo, ND 58102",Reaccreditation in process
"Darby Dental Supply, LLC","4745 Longley LnReno, NV 89502",05/24/22
"Darby Dental Supply, LLC","4460 E Holmes RdMemphis, TN 38118",03/15/22
DDP Medical Supply,"11800 28th St NorthSt. Petersburg, FL 33716",Reaccreditation in process
"Dee Veterinary Products, LLC","1011 Park Centre BoulevardMiami Gardens, FL 33169",07/28/22
"Den-Mat Holdings, LLC","1017 West Central AvenueLompoc, CA 93436",04/28/22
"Dental Health Products, Inc.","2614 N Sugar Bush Rd, PO Box 176New Franken, WI 54229",Reaccreditation in process
Devos Ltd dba Guaranteed Returns,"100 Colin DrHolbrook, NY 11741",12/06/22
DHL Supply Chain (USA),"3299 Tchulatech Dr, Suite 110Memphis, TN 38118",04/03/23
"Diamond Drugs, Inc dba Diamond Pharmacy Services","665 Kolter DrIndiana, PA 15701",09/14/21
"Direct Customer Solutions, LLC","4277 hwy 412 SouthBells, TN 38301",11/17/23
Direct Relief,"6100 Wallace Becknell RdSanta Barbara, CA 93117",04/12/21
"Direct Success, Inc","1710 Highway 34Farmingdale, NJ 07727",Reaccreditation in process
"Dispensary of Hope, LLC","2700 Brick Church PikeNashville, TN 37207",10/22/21
"Distribution Solutions International, Inc dba Priority Solutions International","5100 Hickory Hill RdMemphis, TN 38141",Reaccreditation in process
"Dixon Shane, LLC dba R&S Northeast, LLC","8407 Austin Tracy RdFountain Run, KY 42133",07/29/22
"Dixon Shane, LLC dba R&S Northeast, LLC","10049 Sandmeyer LanePhiladelphia, PA 19116",02/05/22
"DMS Pharmaceutical Group, Inc","810 Busse HwyPark Ridge, IL 60068",Reaccreditation in process
Dr Reddy's Laboratories Inc,"107 College Road EPrinceton, NJ 08540",Reaccreditation in process
"Drugzone Pharmaceuticals, Inc dba Drugzone Pharmaceuticals","105 Airport Executive ParkNanuet, NY 10954",03/01/22
"Dutch Ophthalmic, USA","10 CONTINENTAL DR, BLDG 1EXETER, NH 03833",03/13/23
"DV Medical Supply, Inc.","2000 W 135th StGardena, CA 90249",Reaccreditation in process
"Dynasty Pharmaceuticals, Inc.","2100 196th St SW #142Lynnwood, WA 98036",Reaccreditation in process
E.R. Squibb & Sons LLC,"4931 George RoadTampa, FL 33634",09/11/21
"Eclipse Meds, LLC","2800 Shamrock Avenue, Suite FFort Worth, TX 76107",Reaccreditation in process
Elanco US Inc,"2500 Innovation WayGreenfield, IN 46140",Reaccreditation in process
Eli Lilly and Company,"150 Freshwater BlvdEnfield, CT 06082",11/19/22
Eli Lilly and Company,"2222 Stanley RdPlainfield, IN 46168",10/26/22
Eli Lilly and Company,"3131 S Willow RdFresno, CA 93725",10/26/22
Eli Lilly and Company,"1223 South Harding StIndianapolis, IN 46221",11/19/21
Emergency Medical Products Inc,"1033 Collins Road Suite B Greenwood, IN 46143",07/25/22
"Emes2 Pharmaceuticals, LLC dba Rx Return Services","1115 Old Coachman Rd.Clearwater, FL 33765",09/07/22
"Empire Rx, Inc","347 Spook Rock RdAirmont, NY 10901",03/10/22
"Endeavor Distribution, LLC","7400 Plaza Mayor Blvd., Suite 200Oklahoma City, OK 73149",06/14/22
"EQ Detroit, Inc dba US Ecology Detroit (South)","1923 Frederick StDetroit, MI 48211",12/12/22
"Eversana Life Science Services, LLC","17879 Chesterfield Airport RdChesterfield, MO 63005",02/20/21
"Eversana Life Science Services, LLC","4580 Mendenhall RdMemphis, TN 38141",10/17/21
"Eversana Life Science Services, LLC dba EVERSANA Life Science Services","5650 Challenge DriveMemphis, TN 38115",Reaccreditation in process
"Evofem Biosciences, Inc","12636 High Bluff Dr, Ste 400San Diego, CA 92130",10/25/23
Exel Inc. dba DHL Supply Chain (USA),"6400 William Keck BypassMt Vernon, IN 47620",06/10/21
Exel Inc. dba DHL Supply Chain (USA),"300 Salem Church RdMechanicsburg, PA 17050",Reaccreditation in process
Exel Inc. dba DHL Supply Chain (USA),"9211 Kaiser WayFontana, CA 92335",12/16/21
Exel Inc. dba DHL Supply Chain (USA),"350 Salem Church RdMechanicsburg, PA 17050",01/11/23
Exel Inc. dba DHL Supply Chain (USA),"98 Excellence WayVonore, TN 37885",04/02/21
Exel Inc. dba DHL Supply Chain (USA),"260 Salem Church RdMechanicsburg, PA 17050",08/29/22
Exel Inc. dba DHL Supply Chain (USA),"1800 Cloister DrLancaster, PA 17601",05/29/21
Exel Inc. dba DHL Supply Chain (USA),"9440 S State Rd 39Mooresville, IN 46158",Reaccreditation in process
Exel Inc. dba DHL Supply Chain (USA),"8890 Commerce DrSouthaven, MS 38671",03/18/22
Exel Inc. dba DHL Supply Chain (USA),"530 John Hancock RdTaunton, MA 02780",09/08/21
Exel Inc. dba DHL Supply Chain (USA),"5920 Corporate DriveSt. Joseph, MO 64507",07/15/21
Exel Inc. dba DHL Supply Chain (USA),"201 Greenwood CtMcDonough, GA 30253",02/18/22
Exel Inc. dba DHL Supply Chain (USA),"1635 Stone Ridge DriveStone Mountain, GA 30083",Reaccreditation in process
Exel Inc. dba DHL Supply Chain (USA),"3950 Alto AvenueLas Vegas, NV 89115",04/15/22
Exel Inc. dba DHL Supply Chain (USA),"8655 Commerce Dr, Ste 101Southaven, MS 38671",12/02/22
Exel Inc. dba DHL Supply Chain (USA),"84 Zions View RdManchester, PA 17345",12/07/22
Exel Inc. dba DHL Supply Chain (USA),"9440 South State Road 39, Suite 200 Mooresville, IN 46158",05/04/22
Exel Inc. dba DHL Supply Chain (USA) ,"1704 Midpark Road Knoxville, TN 37921",06/29/22
"F H Investments, Inc dba Asteria Health","7004 Champion Blvd Suite 100Birmingham, AL 35242",08/31/23
Fagron,"2400 Pilot Knob RdSt. Paul, MN 55120",Reaccreditation in process
"Fagron Compounding Services, LLC dba Fagron Sterile Services","8710 E 34th St NWichita, KS 67226",05/02/23
"FedEx Supply Chain, Inc","1551 Perry Rd, Ste 101Plainfield, IN ",Reaccreditation in process
"FedEx Supply Chain, Inc","6750 Legacy Boulevard, Suite 101Olive Branch, MS 38654",08/07/21
"FedEx Supply Chain, Inc.","3955 East Holmes Rd.Memphis, TN 38118",Reaccreditation in process
"FFF Enterprises, Inc","1601 Old Greensboro RdKernersville, NC 27284",09/08/21
"FFF Enterprises, Inc.","44000 Winchester RdTemecula, CA 92590",12/21/20
"FFF Enterprises, Inc. ","1650 Lakeside Pkwy Ste 404Flower Mound, TX 75028 ",03/18/21
"Fisher BioServices, Inc","4650 New Design RoadFrederick, MD 21703",10/03/22
"Fisher Clinical Services, Inc","7554 Schantz RdAllentown, PA 18106",Reaccreditation in process
"Fisher Clinical Services, Inc dba Fisher Clinical Services","700A-C Nestle WayBreinigsville, PA 18031",01/06/22
"Fisher Clinical Services, Inc.","699 N Wheeling RdMount Prospect, IL 60056",06/30/22
"Fisher Scientific Company, LLC dba Fisher Scientific and Fisher Healthcare","6771 Silver Crest RoadNazareth, PA 18064",Reaccreditation in process
"Fisher Scientific Company, LLC dba Fisher Scientific and Fisher Healthcare","4500 Turnberry DrHanover Park, IL 60133",Reaccreditation in process
"Fisher Scientific Company, LLC dba Fisher Scientific and Fisher Healthcare","2775 Horizon Ridge CtSuwanee, GA 30024",Reaccreditation in process
"Fisher Scientific Company, LLC dba Fisher Scientific and Fisher Healthcare","6722 Bickmore AvenueChino, CA 91708",Reaccreditation in process
"Fisher Scientific Company, LLC dba Fisher Scientific and Fisher Healthcare","4700 Moline StDenver, CO 80239",Reaccreditation in process
"Fisher Scientific Company, LLC dba Fisher Scientific and Fisher Healthcare","325 Bowles RoadAgawam, MA 01001",Reaccreditation in process
"Fisher Scientific Company, LLC dba Fisher Scientific and Fisher Healthcare","7383 Empire Drive, Ste. AFlorence, KY 41042",04/12/21
"Fisher Scientific Company, LLC dba Fisher Scientific and Fisher Healthcare","4951 Langdon Rd, Ste 170Dallas, TX 75241",Reaccreditation in process
"Fisher Scientific Company, LLC dba Fisher Scientific and Fisher Healthcare","3315 Atlantic AvenueRaleigh, NC 27604",Reaccreditation in process
"Fisher Scientific Company, LLC dba Fisher Scientific and Fisher Healthcare","5902 Hopkins Road, Bldg 22Tracy, CA 95377",Reaccreditation in process
"Fisher Scientific Company, LLC dba Fisher Scientific and Fisher Healthcare","14302 24th Street East Ste BSumner, WA 98390",08/06/21
Flywheel Healthcare LLC dba Young at Heart Distribution,"10330 N Meridian Street, Suite 130Indianapolis, IN 46290",02/24/21
"Focus Heath Group, Inc dba Focus Heath Group ","5802 Kingston PikeKnoxville, TN 37919",02/18/22
"Foundation Care, LLC","4090 Wedgeway CtEarth City, MO 63045",Reaccreditation in process
"Fresenius Kabi, LLC","5245 North Sloan Lane, Suite 100ANorth Las Vegas, NV 89115",Reaccreditation in process
"Fresenius Kabi, LLC","402 Apple Valley Road, Suite ADuncan, SC 29334",Reaccreditation in process
"Fresenius Kabi, LLC","11900 122nd Street, Suite APleasant Prairie, WI 53158",10/26/21
"Fresenius USA Manufacturing, Inc dba Fresenius Medical Care North America","2865 Dave Lyle BlvdRock Hill, SC 29730",02/03/23
"Fresenius USA Manufacturing, Inc dba Fresenius Medical Care North America","555 Blue Heron Drive, Suite 100Oregon, OH 43616",Reaccreditation in process
"Fresenius USA Manufacturing, Inc dba Fresenius Medical Care North America","5300 95th AvenueKenosha, WI 53144",Reaccreditation in process
"Fresenius USA Manufacturing, Inc dba Fresenius Medical Care North America","375 N Depot DrOgden, UT 84404",05/11/21
"Fresenius USA Manufacturing, Inc dba Fresenius Medical Care North America","600 Sharkey DriveMaumelle, AR 72113",09/07/21
"Fresenius USA Manufacturing, Inc dba Fresenius Medical Care North America","549 Sand Sage Road NWLos Lunas, NM 87031",09/07/21
"Fresenius USA Manufacturing, Inc dba Fresenius Medical Care North America","15 Ritter WayLebanon, PA 17042",05/06/22
"Galderma Laboratories, LP","2929 Texas Longhorn WayFort Worth, TX 76177",10/17/22
"Gateway Health Resources, LLC dba  GHR, Second Source Rx, and/or 2SRX","13600 Shoreline Drive Suite 200Earth City, MO 63045",Reaccreditation in process
GE Healthcare,"3350 N. Ridge AvenueArlington Heights, IL 60004",02/21/23
"GEM Edwards, Inc dba Gemco Medical","5640 Hudson Industrial PkwyHudson, OH 44236",04/05/22
"Genentech USA, Inc", KY ,01/15/22
"Genentech USA, Inc", OR ,01/15/22
"Genetco, Inc","711 Union PkwyRonkonkoma, NY 11779",07/17/21
Geodis Logistics LLC,"1101 Whitaker RoadPlainfield, IN 46168",05/10/22
"Giant Eagle, Inc dba Giant Eagle RX Distribution Center","2500 Lovi RdFreedom, PA 15042",Reaccreditation in process
"Glenmark Pharmaceuticals Inc, USA","750 Corporate DrMahwah, NJ 07430",04/14/22
"Glenmark Pharmaceuticals Inc., USA","301 Island RdMahwah, NJ 07430",12/18/20
"GLOBALRx, INC","2220 Leah Dr, Ste 2Hillsborough, NC 27278",02/13/21
Golden State Medical Supply Inc.,"5247 Camino RuizCamarillo, CA 93012",02/08/22
"Golden State Medical Supply, Inc","5187 Camino RuizCamarillo, CA 93012",01/18/22
Greenhill Trading Inc.,"5701 Foster AveBrooklyn, NY 11234",09/12/22
"H2-Pharma, LLC","611 Industrial Park BoulevardMontgomery, AL 36117",12/12/23
"Healix Infusion Therapy, LLC","1330 Industrial Blvd, Suite 200Sugar Land, TX 77478",Reaccreditation in process
"Health Coalition, Inc","8324 Northwest 30th TerraceDoral, FL 33122",02/08/22
"Healthcare and Diagnostic Solutions, Inc","29922 County Rd 49Loxley, AL 36551",01/25/22
HemaSource Inc.,"485 South 5700 West, Suite 400Salt Lake City, UT 84104",05/27/21
"HemaSource, Inc.","541 Perkins Jones Rd, NE Ste 200Warren, OH 44483",10/16/23
"Henry Schein, Inc","5315 W 74th StIndianapolis, IN 46268",07/27/21
"Henry Schein, Inc","8691 Jesse B Smith CtJacksonville, FL 32219",07/27/21
"Henry Schein, Inc","1001 Nolen Dr, #400Grapevine, TX 76051",12/05/21
"Henry Schein, Inc","41 Weaver RdDenver, PA 17517",09/12/21
"Henry Schein, Inc","255 Vista BlvdSparks, NV 89434",Reaccreditation in process
"Henry Schein, Inc","180 Vista BlvdSparks, NV 89434",Reaccreditation in process
"Henry Schein, Inc","5445 Guion RdIndianapolis, IN 46254",Reaccreditation in process
"Henry Schein, Inc dba General Injectables & Vaccines or GIV","80 Summit View LnBastian, VA 24314",11/07/21
"Henry Schein, Inc.","6055 Commerce DrWhitestown, IN 46075",05/22/22
"Henry Schein, Inc.","3701 Litsey RdFt Worth, TX 76177",04/22/22
"Hercules Pharmaceuticals, Inc.","27 Seaview BoulevardPort Washington, NY 11050",Reaccreditation in process
HF Acquisition Co. LLC dba HealthFirst,"11629 49th PL WMukilteo, WA 98275",Reaccreditation in process
"HLS Therapeutics (USA), Inc","919 Conestoga Rd, Bldg 3, Ste 310Rosemont, PA 19010",Reaccreditation in process
"Howell Marketing Services, a division of F.M. Howell & Company","100 E Miller StElmira, NY 14902",03/25/21
"HPSRx Enterprises, Inc","1640 Roanoke BlvdSalem, VA 24153",09/08/22
"Hy-Vee, Inc","1801 Osceola AveChariton, IA 50049",03/26/21
"HyGen Pharmaceuticals, Inc","8635 154th Ave NERedmond, WA 98052",04/23/21
"ICU Medical Sales, Inc","13939 Borate StSanta Fe Springs, CA 90670",04/24/22
"ICU Medical Sales, Inc","920 8th Ave EastKing of Prussia, PA 19406",04/24/22
"ICU Medical, Inc dba ICU Medical Sales, Inc","2901 N Houston School Road Lancaster, TX 75134 ",05/05/21
"Imprimis NJOF, LLC","1705 Route 46Ledgewood, NJ 07852",09/08/22
Independent Pharmaceutical,"854 E Crescentville RdWest Chester, OH 45246",03/18/21
Independent Pharmacy Cooperative,"1550 Columbus StSun Prairie, WI 53590",11/17/21
Independent Pharmacy Distributor LLC,"1107 West Market Center DrHigh Point, NC 27260",Reaccreditation in process
Indiana University Health Integrated Service Center,"390 Airtech ParkwayPlainfield, IN 46168",11/16/22
"Inmar Rx Solutions, Inc.","3845 Grand Lakes Way, Suite 125Grand Prairie, TX 75050",05/14/21
INO Therapeutics LLC,"3600 Industrial Blvd, Ste CWest Sacramento, CA 95691",Reaccreditation in process
INO Therapeutics LLC,"1200 Northbrook Pkwy, Ste 60Suwanee, GA 30024",Reaccreditation in process
"INO Therapeutics, LLC","175 E Crossroads Pkwy, Ste CBolingbrook, IL 60440",Reaccreditation in process
"INO Therapeutics, LLC","875 W Sandy Lake Rd #300Coppell, TX 75019",Reaccreditation in process
"INO Therapeutics, LLC","22 World's Fair Dr, Ste JSomerset, NJ 08873",Reaccreditation in process
"Integrated Commercialization Solutions, LLC ", KY ,06/12/22
"Integrated Commercialization Solutions, LLC", NV ,09/08/21
"Integrated Commercialization Solutions, LLC", OH ,01/23/21
"Integrated Commercialization Solutions, LLC", KY ,Reaccreditation in process
Internet Services Corporation dba International Pharma Packaging & Distribution,"1300 Altura RdFort Mill, SC 29708",12/08/21
"Intervet, Inc dba Merck Animal Health","10488 S 136th StOmaha, NE 68138",01/07/21
"J Knipper and Company, Inc","One Healthcare WayLakewood, NJ 08701",Reaccreditation in process
"J Knipper and Company, Inc","1550 Oak StLakewood, NJ 08701",Reaccreditation in process
"J Knipper and Company, Inc","1250 Patrol RdCharlestown, IN 47111",04/12/22
J M Smith Corporation dba Smith Drug Company,"1104 Jones RdParagould, AR 72450",10/10/21
J M Smith Corporation dba Smith Drug Company,"9098 Fairforest RdSpartanburg, SC 29301",Reaccreditation in process
J M Smith Corporation dba Smith Drug Company,"520 Arrowhead DriveCarey, OH 43316",08/13/21
Jams Wholesale Distribution Services LLC dba JamsRx - Coconut Creek,"4811 Lyons Technology PkwyUnit 11, 20, 23, 24, 25, 26Coconut Creek, FL 33073",02/20/21
"JOM Pharmaceutical Services, Inc","925 Conestoga PkwyShepherdsville, KY 40165",Reaccreditation in process
"JOM Pharmaceutical Services, Inc","1 Cottontail LaneSomerset, NJ 08873",05/08/22
Jubilant DraxImage Inc dba Jubilant Radiopharma,"1835 Nonconnah BlvdMemphis, TN 38132",06/29/23
Kaiser Foundation Hospitals,"300 Pullman Street Admin BldgLivermore, CA 94551",Reaccreditation in process
KBS SOLUTIONS LLC dba SOLA Pharmaceuticals,"655 Highlandia Dr. Ste. BBaton Rouge, LA 70810",Reaccreditation in process
"Kenco Logistic Services, LLC","4309 Distribution DrChattanooga, TN 37416",Reaccreditation in process
"Kenco Logistic Services, LLC dba Kenco Bracco","4320 Executive Dr, Ste 100Southaven, MS 38672",10/19/21
"KeySource Acquisition, LLC dba KeySource, Praxis","7800 Palace Drive, Ste 200Cincinnati, OH 45249",Reaccreditation in process
"Kowa Pharmaceuticals America, Inc","530 Industrial Park BlvdMontgomery, AL 36117",09/08/22
"KPH Healthcare Services, Inc","520 E Main StGouverneur, NY 13642",Reaccreditation in process
Kremers Urban Pharmaceuticals Inc,"1101 C Avenue WSeymour, IN 47274",Reaccreditation in process
Kroger Limited Partnership I dba Peyton's Southeastern,"153 Refreshment LnCleveland, TN 37311",08/10/22
Kroger Limited Partnership II dba Peyton's Northern,"1111 S Adams StBluffton, IN 46714",11/30/21
Kuehne + Nagel Inc.,"1025 Columbia Road, Ste 110Plainfield, IN 46168",03/26/21
Kuehne + Nagel Inc.,"9425 Nevada StreetRedlands, CA 92374",12/29/21
"Kuehne + Nagel, Inc","1800 Waters Ridge DrLewisville, TX 75057",Reaccreditation in process
"Kuehne + Nagel, Inc","6005 Freeport Ave, Suite 103Memphis, TN 38141",05/11/22
"Kuehne + Nagel, Inc","4080 Executive DrSouthaven, MS 38672",11/30/23
L. Perrigo Company,"900 Industrial DrAllegan, MI 49010",01/18/23
"Larken Laboratories, Inc","276 Nissan Pkwy, Bldg A, Ste 200Canton, MS 39046",06/04/21
Legacy Health US LLC dba Legacy Health ,"255 Hudson StHackensack, NJ 07601",03/11/22
Legacy Pharmaceutical Packaging,"13333 Lakefront DrEarth City, MO 63045",Reaccreditation in process
Leiters Health,"13796 Compark BoulevardEnglewood, CO 80112",10/12/22
"Letco Holdings, LLC dba Letco Medical","1316 Commerce Dr NWDecatur, AL 35601",Reaccreditation in process
"Life Science Logistics, LLC ","3860 South 500 East Whitestown, IN 46075",03/31/21
Life-Assist Incorporated,"10816 Strang Line RdLenexa, KS 66215",05/22/23
"Life-Assist, Inc","11277 Sunrise Park DriveRancho Cordova, CA 95742",12/02/21
"LifeScience Logistics, LLC dba LifeScience Logistics","1105 E Northfield DrBrownsburg, IN 46112",01/11/22
"Lincare Pharmacy Services, Inc","3985 Gateway Centre Blvd, Ste 220Pinellas Park, FL 33782",07/29/22
"Longs Drug Stores California, LLC dba CVS Distribution Center","2400 Keystone Pacific Pkwy, Ste BPatterson, CA 95363",11/19/21
"Louisiana Wholesale Drug Co, Inc", LA ,Reaccreditation in process
"Lupin Pharmaceuticals, Inc","400 Campus DrSomerset, NJ 08873",Reaccreditation in process
"M&D Specialty Distribution, LLC","10301 Highway 1 SouthShreveport, LA 71115",12/21/21
"MAGNA Pharmaceuticals, Inc.","10801 Electron Drive, Ste 100Louisville, KY 40299",08/13/21
Maks Pharma and Diagnostics Inc,"2365 Milburn Avenue, Bldg 2Baldwin, NY 11510",Reaccreditation in process
"Masters Drug Company, Inc.","4200 Binion Way Ste 100Mason, OH 45036",08/31/21
"McGuff Company, Inc","3524 W Lake Center Dr, Ste BSanta Ana, CA 92704",Reaccreditation in process
McKesson Corporation dba McKesson Drug Company,"One Commerce DrO'Fallon, MO 63366",04/19/22
McKesson Corporation dba McKesson Drug Company,"1995 McKesson St, Ste 101Aurora, IL 60502",05/24/22
McKesson Corporation dba McKesson Drug Company,"495 S 107th AveTolleson, AZ 85353",Reaccreditation in process
McKesson Corporation dba McKesson Drug Company,"4836 Southridge BlvdMemphis, TN 38141",01/12/21
McKesson Corporation dba McKesson Drug Company,"3775 Seaport BlvdWest Sacramento, CA 95691",03/30/21
McKesson Corporation dba McKesson Drug Company,"1900 S 4490 WSalt Lake City, UT 84104",01/25/23
McKesson Corporation dba McKesson Drug Company,"9700 SW Commerce CirWilsonville, OR 97070",01/18/23
McKesson Corporation dba McKesson Drug Company,"14500 E 39th AveAurora, CO 80011",01/18/23
McKesson Corporation dba McKesson Drug Company,"3400 Fraser StAurora, CO 80011",Reaccreditation in process
McKesson Corporation dba McKesson Drug Company,"8313 Polk LnOlive Branch, MS 38654",06/28/21
McKesson Corporation dba McKesson Drug Company,"10504 McKesson DrRuther Glen, VA 22546",02/23/21
McKesson Corporation dba McKesson Drug Company,"9501 S. Norwalk BlvdSanta Fe Springs, CA 90670",Reaccreditation in process
McKesson Corporation dba McKesson Drug Company,"One John Henry DrRobbinsville, NJ 08691",03/24/23
McKesson Corporation dba McKesson Drug Company  ,"2101 12th Ave SClear Lake, IA 50428",02/18/22
McKesson Corporation dba McKesson Drug Company,"10 Hudson Crossing DrMontgomery, NY 12549",Reaccreditation in process
McKesson Medical-Surgical Inc,"6500 Adelaide CtGroveport, OH 43125",08/29/21
McKesson Medical-Surgical Inc.,"2530 B St NW, #101Auburn, WA 98001",Reaccreditation in process
McKesson Medical-Surgical Inc.,"3500 Centerpoint Dr, Ste AUrbancrest, OH 43123",04/19/22
McKesson Medical-Surgical Inc.,"4250 Patriot Dr, Ste 100Grapevine, TX 76051",05/08/22
McKesson Medical-Surgical Inc.,"1405 N Chouteau TrfyKansas City, MO 64120",Reaccreditation in process
McKesson Medical-Surgical Inc.,"55 Lyman StNorthborough, MA 01532",12/18/20
McKesson Medical-Surgical Inc.,"16043 El Prado AveChino, CA 91708",Reaccreditation in process
McKesson Medical-Surgical Inc.,"4027 Martinsburg PikeClear Brook, VA 22624",Reaccreditation in process
McKesson Medical-Surgical Inc.,"12999 Wilfred Ln, Ste 100Rogers, MN 55374",05/12/21
McKesson Medical-Surgical Inc.,"7701 Foothills Blvd.Roseville, CA 95747",04/16/21
McKesson Medical-Surgical Inc.,"885 Paragon WayRock Hill, SC 29730",06/03/22
McKesson Medical-Surgical Inc.,"1005 Satellite BlvdSuwanee, GA 30024",Reaccreditation in process
McKesson Medical-Surgical Inc.,"3769 Commerce Center BlvdBethlehem, PA 18015",08/18/22
McKesson Medical-Surgical Inc.,"Hanover Park, IL ",03/18/21
McKesson Medical-Surgical Inc.,"18543 E Gale AveCity of Industry, CA 91748",02/02/21
McKesson Medical-Surgical Inc.,"4815 Executive Park CT # 103Jacksonville, FL 32216",02/02/21
McKesson Medical-Surgical Inc.,"2159 S. Shiloh, Suite 3Garland, TX 75041",Reaccreditation in process
McKesson Medical-Surgical Inc.,"520 Lindbergh DriveMoon Township, PA 15108",Reaccreditation in process
McKesson Medical-Surgical Inc.,"Shepherdsville, KY ",02/10/23
McKesson Medical-Surgical Inc.,"Manteno, IL ",Reaccreditation in process
McKesson Medical-Surgical Inc.,"Bartlett, IL ",06/17/21
"McKesson Specialty Care Distribution, LLC","401 Mason RdLaVergne, TN 37086",06/15/21
McKesson Specialty Distribution LLC,"Olive Branch, MS ",Reaccreditation in process
McKesson Specialty Distribution LLC,"Shepherdsville, KY ",Reaccreditation in process
"McKesson Specialty Distribution, LLC","Memphis, TN ",09/17/21
"MD Logistics, LLC","1301 Perry RdPlainfield, IN 46168",04/26/22
"MD Logistics, LLC","12125 Moya BlvdReno, NV 89506",09/02/21
"MD Logistics, LLC","2150 Stanley Road, Ste 100Plainfield, IN 46168",03/31/22
"MD Logistics, LLC","2370 Perry RdPlainfield, IN 46168",11/01/21
MDR Specialty Distribution Corporation,"230 Enterprise DrNewport News, VA 23603",12/18/20
"Medi-Physics, Inc dba GE Healthcare","900 Durham AveSouth Plainfield, NJ 07080",11/12/21
"Medico-Mart, Inc.","2323 Corporate DrWaukesha, WI 53189",02/10/23
"Medisca, Inc","661 Rte 3, Unit CPlattsburgh, NY 12901",05/11/22
"Medisca, Inc","6641 N Belt Line Rd, Suite 130Irving, TX 75063",Reaccreditation in process
"Medisol Plus, LLC dba Medisol +","1771 International PkwyRichardson, TX 75081",Reaccreditation in process
"Medline Industries, Inc","5701 Promontory Parkway Ste 100Tracy, CA 95377",Reaccreditation in process
"Medline Industries, Inc","1500 Medline PlaceMcDonough, GA 30253",Reaccreditation in process
"Medline Industries, LP","1820 S 5200 WSalt Lake City, UT 84104",04/22/21
"Medline Industries, LP","1900 Meadowville Technology PkwyChester, VA 23836",03/08/22
"Medline Industries, LP","13115 Brockton LnNorth Rogers, MN 55374",Reaccreditation in process
"Medline Industries, LP","8787 W Buckeye RdTolleson, AZ 85353",Reaccreditation in process
"Medline Industries, LP","21111 E. 36th DrAurora, CO 80011",Reaccreditation in process
"Medline Industries, LP","1 Medline DrWilmer, TX 75172",Reaccreditation in process
"Medline Industries, LP","1960 W. Miro WayRialto, CA 92376",04/29/21
"Medline Industries, LP","3770 Hogum Bay Rd NELacey, WA 98516",12/31/21
"Medline Industries, LP","251 Hilton DriveJeffersonville, IN 47130",04/15/22
"Medline Industries, LP","1062 Old Dixie HighwayAuburndale, FL 33823",10/27/22
"Medline Industries, LP","1401 N Universal AveKansas City, MO 64120",03/05/21
"Medline Industries, LP","2200 Cornerstone ParkwayGrayslake, IL 60030",04/01/21
"Medline Industries, LP","1040 Enterprise ParkwayWest Jefferson, OH 43162",07/15/21
"Medline Industries, LP","81 Campanelli DriveUxbridge, MA 01569",08/26/21
"Medline Industries, LP","3446 Highway 51 NSouthaven, MS 38672",06/28/21
"Medline Industries, LP","239 Belvidere RoadPerryville, MD 21903",08/17/22
"Medline Industries, LP","494 State Route 416Montgomery, NY 12549",09/22/22
"MedMax Rx, Inc.","48 South MallPlainview, NY 11803",Reaccreditation in process
"Medtronic Logistics, LLC","4340 Swinnea RoadMemphis, TN 38118",11/19/22
"Meijer Distribution, Inc dba Meijer Distribution, Inc #90","2721 Walker Ave NWGrand Rapids, MI 49544",06/18/22
Merck Sharp & Dohme LLC,"770 Sumneytown PikeWest Point, PA 19486",Reaccreditation in process
"Merit Healthcare International, Inc dba Merit Pharmaceutical","2611 N San Fernando RdLos Angeles, CA 90065",10/07/21
Merz Aesthetics Inc dba Merz North America Inc,"4133 Courtney Rd Ste 10Franksville, WI 53126",01/28/23
"Merz North America, Inc","13900 Grandview ParkwaySturtevant, WI 53177",03/28/21
"Methapharm, Inc","11772 W Sample Rd, Ste 101Coral Springs, FL 33065",Reaccreditation in process
Midwest Veterinary Supply Inc,"2420 Boulevard of the GeneralsNorristown, PA 19403",09/04/21
"Midwest Veterinary Supply, Inc","5374 Maly RdSun Prairie, WI 53590",08/06/21
"Midwest Veterinary Supply, Inc","6251 Innovation BlvdFort Wayne, IN 46818",Reaccreditation in process
"Midwest Veterinary Supply, Inc","21467 Holyoke AveLakeville, MN 55044",Reaccreditation in process
"Midwest Veterinary Supply, Inc.","3600 Army Post Road, Ste 400Des Moines, IA 50321",Reaccreditation in process
Mission Pharmacal Company,"38505 Interstate 10 WBoerne, TX 78006",06/25/21
"MK Medical Supply Company, LLC","425 Victory LaneSpringboro, OH 45066",10/08/21
"Moderna US, Inc.","5 Vaughn Drive, Ste 200Princeton, NJ 08540",08/31/23
Morris & Dickson Co LLC,"10301 Highway 1 SShreveport, LA 71115",08/07/21
MWI Veterinary Supply Co dba MWI Animal Health,"2450 Midpoint DrEdwardsville, KS 66111-8803",Reaccreditation in process
MWI Veterinary Supply Co dba MWI Animal Health,"1499 Zeager Rd, Ste 2Elizabethtown, PA 17022",04/09/21
MWI Veterinary Supply Co dba MWI Animal Health,"15845 E 32nd Ave, Ste HAurora, CO 80011",05/15/22
MWI Veterinary Supply Co dba MWI Animal Health,"5655 Eleventh Ave EShakopee, MN 55379",05/13/22
MWI Veterinary Supply Co dba MWI Animal Health,"5025 State Route 267Lebanon, IN 46052",Reaccreditation in process
MWI Veterinary Supply Inc dba MWI Animal Health,"2117 N Elder StNampa, ID 83687",04/01/23
"MXR Imaging, Inc","604 Lambert Point Dr, Bldg CHazelwood, MO 63042",03/20/21
"Mylan Pharmaceuticals, Inc dba Mylan Distribution Center","2898 Manufacturers RdGreensboro, NC 27406",12/08/21
"NAR Medical Depot, LLC dba NAR MD","54 Tedwall CtGreer, SC 29650",Reaccreditation in process
"National Pharmaceutical Returns, Inc ","4164 Northwest Urbandale DrUrbandale, IA 50322",09/03/21
"Nationwide Medical/Surgical, Inc","14141 Covello St, Ste 6CVan Nuys, CA 91405",Reaccreditation in process
Nationwide Pharmaceutical LLC dba Medical Wholesale,"1211 Arion Pkwy, Suite 118San Antonio, TX 78216",Reaccreditation in process
"NCS Healthcare of Kentucky, LLC dba Vangard Labs","120 Carroll Knicely DrGlasgow, KY 42141",09/11/21
NDC Distributors LLC,"1825 65th StreetBrooklyn, NY 11204",04/23/20
NDC Distributors LLC,"1825 65th StreetBrooklyn, NY 11204",Reaccreditation in process
Nephron Pharmaceuticals Corporation,"4500 12th Street ExtensionWest Columbia, SC 29172",Reaccreditation in process
NextGen Pharmaceuticals LLC,"1613 BroadwayBrooklyn, NY 11207",11/16/22
"Northwest Generics, LLC dba NW Generic Warehouse","916 W Evergreen BlvdVancouver, WA 98660",09/14/21
"Northwind Pharmaceuticals, LLC","4838 Fletcher Ave, Suite 1000Indianapolis, IN 46203",Reaccreditation in process
Nortru LLC,"421 Lycaste StDetroit, MI 48214",03/27/22
"NuCare Pharmaceuticals, Inc.","622 W. Katella AveOrange, CA 92867",03/08/21
"Oak Drugs, Inc.","80 Red Schoolhouse Rd, Bldg 2, Ste 20Chestnut Ridge, NY 10977",Reaccreditation in process
"On Target Laboratories, Inc.","1281 Win Hentschel Blvd, Ste 2542West Lafayette , IN 47906-4357",08/17/22
Optime Care Inc,"4064 Wedgeway CtEarth City, MO 63045",Reaccreditation in process
"Optum Frontier Therapies II, LLC","6425 Santa Margarita St. Unit 120Las Vegas, NV 89118",08/12/22
"Optum Frontier Therapies, LLC","325 W Atherton Rd, Ste 1WFlint, MI 48507",05/13/22
"OptumServe Health Services, Inc","3237 Airport RdLa Crosse, WI 54603",12/16/21
Organon LLC dba Organon ,"30 Hudson St 33rd FloorJersey City, NJ 07302",11/16/22
"Ortho-Clinical Diagnostics, Inc.","6005 Freeport Avenue Suite 130Memphis, TN 38141",04/07/23
"Owens & Minor Distribution, Inc","11440 E 56th AveDenver, CO 80239",Reaccreditation in process
"Owens & Minor Distribution, Inc","2151 County Rd H2WMounds View, MN 55112",Reaccreditation in process
"Owens & Minor Distribution, Inc","5125 Ontario Mills ParkwayOntario, CA 91764",07/15/21
"Owens & Minor Distribution, Inc","15 Gateway Commerce Center Dr WEdwardsville, IL 62025",Reaccreditation in process
"Owens & Minor Distribution, Inc","1601 SE Gateway Drive, Suite 100Grimes, IA 50111",01/10/21
"Owens & Minor Distribution, Inc dba Owens & Minor","1605 Worldwide BlvdHebron, KY 41048",Reaccreditation in process
"Owens & Minor Distribution, Inc dba Owens & Minor","437 Tower BlvdCarol Stream, IL 60188",11/09/21
"Owens & Minor Distribution, Inc dba Owens & Minor","36663 Van Born Rd, Ste 390Romulus, MI 48174",Reaccreditation in process
"Owens & Minor Distribution, Inc dba Owens & Minor Distribution ","550 Lakeside Pkwy, Ste 200, Ste 200Flower Mound, TX 75028",Reaccreditation in process
"Owens & Minor Distribution, Inc dba Owens & Minor Healthcare Logistics","6201 Global Distribution Way, Ste 101Louisville, KY 40228",Reaccreditation in process
"Owens & Minor Distribution, Inc.","2820 Global Dr.Groveport, OH 43125",Reaccreditation in process
"PAI Holdings, LLC dba Pharmaceutical Associates, Inc","1700 Perimeter RoadGreenville, SC 29605",Reaccreditation in process
"Pajunk Medical Systems, LP","4575 Marconi DriveAlpharetta, GA 30005",11/16/22
Paragon Enterprises Inc.,"3300 Corporate Ave #114Weston, FL 33331",Reaccreditation in process
"Patterson Dental Supply, Inc.","6110 Technology Center DriveIndianapolis, IN 46278",09/28/21
"Patterson Logistics Services, Inc","925 Carolina Pines Blvd, Ste BBlythewood, SC 29016",Reaccreditation in process
"Patterson Logistics Services, Inc","6419 South 228th Street, Suite 101Kent, WA 98032",Reaccreditation in process
"Patterson Logistics Services, Inc","800 Monte Vista DrDinuba, CA 93618",04/09/21
"Patterson Logistics Services, Inc","1905 Lakewood DriveBoone, IA 50036",05/11/21
"Patterson Logistics Services, Inc","1004 Cornerstone DrMt Joy, PA 17552",07/11/22
"Patterson Logistics Services, Inc","7055 Cleveland RdSouth Bend, IN 46628",Reaccreditation in process
"Patterson Veterinary Supply, Inc","5000 A Dahlia StreetDenver, CO 80216",Reaccreditation in process
"Patterson Veterinary Supply, Inc.","21111 N 9th PlacePhoenix, AZ 85024",12/02/21
"Patterson Veterinary Supply, Inc.","2401 Whitehall Park Drive, Suite 100Charlotte, NC 28273",12/06/21
PCCA,"9901 S Wilcrest DrHouston, TX 77099",Reaccreditation in process
"PD-Rx Pharmaceuticals, Inc","727 N Ann ArborOklahoma City, OK 73127",09/03/21
"Penn Veterinary Supply, Inc","53 Industrial CircleLancaster, PA 17601",Reaccreditation in process
"Performance Health Supply, LLC","9040 Orly Road, Suite 200Indianapolis, IN 46241",Reaccreditation in process
"Pfizer, Inc","10501 80th AvePleasant Prairie, WI 53158",12/16/21
"Pfizer, Inc","1855 Shelby Oaks Dr NMemphis, TN 38134",04/04/22
Pharma Distribution & Fulfillment Services dba PDFS,"634 Quality LaneSouth Beloit, IL 61080",08/07/23
"Pharma Logistics, LTD","1801 N Butterfield RdLibertyville, IL 60048",03/19/21
Pharmaceutical Inventories Inc dba Pharmaceutical Returns Service,"720 Heartland Drive, Suite BSugar Grove, IL 60554",11/21/21
"Pharmacy Buying Association, Inc, dba PBA Health","1825 NW Vivion RdRiverside, MO 64150",05/24/22
"PharmaLink, Inc dba PharmaLink","8285 Bryan Dairy Rd, #160Largo, FL 33777",Reaccreditation in process
Pharmasense LLC dba Global Pharmacy Wholesale,"23456 Kean StreetDearborn, MI 48124",Reaccreditation in process
Pharmox,"5571-B, US Hwy 17 NKingsland, GA 31548",Reaccreditation in process
"PharmPak, Inc","1221 Andersen Dr, Ste BSan Rafael, CA 94901",Reaccreditation in process
"Pharmsource, LLC","123 Newman DriveBrunswick, GA 31520",02/19/21
"Phoenix Assurance, LLC","4755 Southpoint Dr, Ste 101Memphis, TN 38118",05/22/23
"Phoenix Assurance, LLC","4835 South Mendenhall RoadMemphis, TN 38141",11/21/23
"Phoenix Assurance, LLC dba Phoenix Assurance","4750 Pleasant Hill RdMemphis, TN 38118",10/15/21
"PI Services, LLC","2010 Filmore AvenueErie, PA 16506",Reaccreditation in process
"Positudes, Inc dba The Alliance Pharmacy","44 Bond StWestbury, NY 11590",04/12/22
"Prasco, LLC dba Prasco Laboratories","6125 Commerce CtMason, OH 45040",11/29/22
"Prasco, LLC dba Prasco Laboratories","7160 Industrial Row DrMason, OH 45040",Reaccreditation in process
"Precision Dose, Inc","722 Progressive LnSouth Beloit, IL 61080",03/22/22
"Preferred Pharmaceuticals, Inc","1250 N Lakeview Ave, Unit OAnaheim, CA 92807",01/27/22
"Premier Rx Wholesale, LLC dba Premier Rx Wholesale","4637 Interstate DrCincinnati, OH 45246",04/12/22
"Prescription Supply, Inc","2233 Tracy RoadNorthwood, OH 43619",10/30/21
Primed Pharmaceuticals LLC,"34 Industrial Way EastEatontown, NJ 07724",Reaccreditation in process
"Priority Air Express, LLC dba Priority Solutions International","100 Berkeley Dr, Ste ASwedesboro, NJ 08085",03/06/21
"Priority Healthcare Distribution, Inc dba CuraScript SD Specialty Distribution","1680 Century Center Pkwy, Ste 8Memphis, TN 38134",05/29/21
"Priority Healthcare Distribution, Inc dba CuraScript SD Specialty Distribution","2297 Southwest Blvd, Ste DGrove City, OH 43123",05/29/21
"Priority Healthcare Distribution, Inc dba CuraScript SD Specialty Distribution","2040 West Rio Salado Parkway, Suite 101ATempe, AZ 85281",05/29/21
"ProCare Pharmacy Direct, LLC dba CVS/specialty","105 Mall Blvd, Ste BMonroeville, PA 15146",12/13/22
"Prodigy Health, LLC","7901 East Riverside Drive, Ste 125Austin, TX 78744",06/29/23
Proficient Rx LP,"3607 Old Conejo RoadThousand Oaks, CA 91320",03/04/21
"Puragraft Holdings, Inc dba Puragraft","22001 Northpark Drive, Suite 700 Kingwood , TX 77339",08/05/22
"Q Pharma, Inc ","45 Horsehill Rd, Ste 103Cedar Knolls, NJ 07927",04/09/21
"QK Healthcare, Inc","35 Sawgrass DrBellport, NY 11713",02/08/22
"Quality Care Products, LLC","6920 Hall StreetHolland, OH 43528",07/25/22
"Quantum Commerce, LLC dba Quantum Rx","25076 W 6 Mile RdRedford Charter Township, MI 48240",06/30/22
"Quest Pharmaceuticals, Inc","300 East Chestnut StreetMurray, KY 42071",02/23/22
"QuVa Pharma, Inc","1075 West Park One Dr, Ste 100Sugar Land, TX 77478",06/08/21
"QuVa Pharma, Inc","5920 South General Bruce DrTemple, TX 76502",06/08/21
"QuVa Pharma, Inc","519 Route 173Bloomsbury, NJ 08804",Reaccreditation in process
"R&S Solutions, LLC","96 American Drive, Ste 100AJackson, TN 38301",03/10/22
Raya Pharmaceuticals LLC,"115 Kings Bay Road Suite CKingsland, GA 31548",12/15/22
Real Value Products Corp dba Hospital Pharmaceutical Consulting,"5100 Commerce ParkwaySan Antonio, TX 78218",09/30/22
RedPharm Drug,"6501 City West PkwyEden Prairie, MN 55344",06/10/21
"Regeneron Healthcare Solutions, Inc.","745 Old Saw Mill River RdTarrytown, NY 10591",Reaccreditation in process
"Reliable Pharmaceutical Returns, LLC","1443 Donelson Pike Nashville, TN 37217",09/29/23
RemedyRepack Inc,"625 Kolter Dr, Ste 4Indiana, PA 15701",07/15/21
Republic Pharmaceuticals LLC,"5840 Interface Drive, Ste 200Ann Arbor, MI 48103",Reaccreditation in process
"RGH Enterprises, LLC dba Cardinal Health at Home","1810 Summit Commerce ParkTwinsburg, OH 44087",12/27/20
"RGH Enterprises, LLC dba Cardinal Health at Home","1360 Madeline Ln, Ste 500Elgin, IL 60124",12/27/20
"Richie Enterprises, LLC dba Richie Pharmacal Company","119 State AveGlasgow, KY 42141",Reaccreditation in process
Rising Pharma Holdings Inc. dba Rising Pharmaceuticals ,"650 Randolph RoadSomerset, NJ 08873",10/08/21
"Ritedose Pharmaceuticals, LLC","1135 Performance PkwyColumbia, SC 29203",09/02/21
RMC Pharma Inc.,"123 Quinton Ave, Ste AMunford, TN 38058",Reaccreditation in process
"ROI CPS, LLC","3000 East Sawyer RoadRepublic, MO 65738",04/03/23
"RPS, Inc dba RPS Imaging","1815 Washington StMichigan City, IN 46360",Reaccreditation in process
Russell Group LLC dba Pharm House Supply,"2024 East Hickory Hill RoadArgyle, TX 76226",Reaccreditation in process
"Rx Reverse Distributors, Inc.","9255 US Highway 1Sebastian, FL 32958",07/05/22
RxCrossroads 3PL LLC,"1001 Cheri Way, Ste 100Louisville, KY 40118",03/05/22
RxCrossroads 3PL LLC,"5101 Jeff Commerce DrLouisville, KY 40219",06/22/21
RxCrossroads 3PL LLC,"4200 Binion Way Ste 200Mason, OH 45036",08/31/21
Saddle River Marketing Concepts,"600 Valley Health PlzParamus, NJ 07652",05/15/21
"Safco Dental Supply, LLC","1111 Corporate Grove DrBuffalo Grove, IL 60089",05/06/21
"Safecor Health, LLC","4060 Business Park DrColumbus, OH 43204",02/09/21
"Safeway Distributors, Inc.","15851 SW 41st Street, Suite 600Davie, FL 33331",Reaccreditation in process
"Sage Products, LLC","3909 Three Oaks RdCary, IL 60013",09/13/22
"Sanofi Pasteur, Inc","50 Stauffer Industrial ParkTaylor, PA 18517",Reaccreditation in process
"Sanofi Pasteur, Inc","2500 Southpoint DrForest Park, GA 30297",10/19/21
"Sanofi Pasteur, Inc","1025 Sandhill RoadReno, NV 89521",12/19/20
"Sanofi-Aventis US, LLC","2500 Southpoint DrForest Park, GA 30297",10/22/21
"Sanofi-Aventis US, LLC","1025 Sandhill RoadReno, NV 89521",12/19/20
"Sanofi-Aventis US, LLC","50 Stauffer Industrial ParkTaylor, PA 18517",Reaccreditation in process
"Santa Cruz Biotechnology, Inc dba Santa Cruz Biotechnology","3600 Dry Creek RdPaso Robles, CA 93446",Reaccreditation in process
"Sedgwick Claims Management Services, Inc","2670 Executive Dr, Ste AIndianapolis, IN 46241",04/22/23
"Sentry BioPharma Services, Inc","4605 Decatur BlvdIndianapolis, IN 46241",05/24/22
Sharps Compliance Corp,"1544 NE LoopCarthage, TX 75633",06/01/22
Skya Health,"1141 Pomona Rd, Ste E Corona, CA 92882",05/22/23
"Smart-Fill Management Group, Inc","905 N Main StAustin, MN 55912",02/25/22
SmartHealth Distribution Company,"3145 East McDowell RdPhoenix, AZ 85008",09/02/21
"Smith's Food and Drug Centers, Inc dba Peyton's Phoenix","5305 W Buckeye Rd, Ste 105Phoenix, AZ 85043",Reaccreditation in process
"Smiths Medical ASD, Inc","6250 Shier Rings RdDublin, OH 43016",06/04/21
"Smiths Medical ASD, Inc","9124 Polk Ln, Ste 101 Olive Branch, MS 38654",05/26/21
"South Pointe Wholesale, Inc","321 Matthews Mill RdGlasgow, KY 42141",Reaccreditation in process
"Southern Anesthesia & Surgical, Inc. dba ACE  Southern Surgical Solutions","One Southern CourtWest Columbia, SC 29169",05/06/22
"Southern Anesthesia & Surgical, Inc. dba ACE Southern Surgical Solutions","2308 North Sweetgum AveBroken Arrow, OK 74012",Reaccreditation in process
"Southern Anesthesia & Surgical, Inc. dba ACE Southern Surgical Solutions","1312 Capital BoulevardReno, NV 89502",10/26/21
"Spartan Stores Distribution, LLC dba SpartanNash Pharmacy Warehouse","1550 Gezon Pkwy, SW, Ste EWyoming, MI 49509",12/14/21
Spectrum Laboratory Products Inc. dba Spectrum Chemical Mfg. Corp.,"755-769-777 Jersey AvenueNew Brunswick, NJ 08901",Reaccreditation in process
"Spectrum Laboratory Products, Inc. dba Spectrum Chemical Mfg. Corp.","14422 S San Pedro StGardena, CA 90248",Reaccreditation in process
St Mary's Medical Park Pharmacy,"10860 North Mavinee DriveTucson, AZ 85737",04/05/22
"Stericycle, Inc.","1901 Pine Avenue SEWarren, OH 44483",06/30/22
SterRx LLC,"141 Idaho AvePlattsburgh, NY 12903-3987",06/10/21
"Summit SD, LLC","255 Northwest Victoria Drive, Suite ALees Summit, MO 64086",10/03/22
"Supervalu, Inc dba Advantage Logistics Midwest","533 North Mallick RdOglesby, IL 61348",09/08/21
"TAGI Pharma, Inc dba TAGI Pharma","722 Progressive Ln, Rm 205South Beloit, IL 61080",12/31/20
"Takeda Pharmaceuticals America, Inc","9200 Brookfield Ct, Ste 108Florence, KY 41042",Reaccreditation in process
"Taro Pharmaceuticals U.S.A., Inc","One Commerce DrCranbury, NJ 08512",09/01/22
"Technomed, Inc dba Genesis BioPharma Services","465 Route 17Ramsey, NJ 07446",Reaccreditation in process
Teleflex LLC,"11245 North Distribution CoveOlive Branch, MS 38654",Reaccreditation in process
"Teva Pharmaceuticals USA, Inc","111 New Britain BlvdChalfont, PA 18914",01/15/21
"Teva Pharmaceuticals USA, Inc","1090 Horsham RdNorth Wales, PA 19454",01/15/21
"The Harvard Drug Group, LLC dba Expert-Med; First Veterinary Supply","5960 E Shelby DrMemphis, TN 38141",Reaccreditation in process
"The Harvard Drug Group, LLC dba Major Pharmaceuticals","8401 Bearing Dr, Ste 100Indianapolis, IN 46268",04/22/21
"The Hibbert Company, Inc dba The Hibbert Group","890 Ships Landing WayNew Castle, DE 19720",06/04/21
"The Hibbert Company, Inc dba The Hibbert Group","400 Pennington AveTrenton, NJ 08618",12/22/20
The Hilsinger Company Parent LLC dba Hilco Vision,"3908 North 5th StreetNorth Las Vegas, NV 89032",06/08/23
The North Carolina Mutual Wholesale Drug Company,"816 Ellis RoadDurham, NC 27703",Reaccreditation in process
"TheraCom, LLC","1195 Trademark Drive, Ste 102-CReno, NV 89521",09/08/21
"Thermo-Pak Co, Inc","360 Balm CourtWood Dale, IL 60191",01/18/22
"ThermoFisher Scientific dba Fisher Bioservices, Inc.","4650 New Design Rd Ste DFrederick, MD 21703",Reaccreditation in process
"ThermoFisher Scientific dba Fisher BioServices, Inc.","14665 Rothgeb DriveRockville, MD 20850",04/13/21
"Tolmar, Inc. dba Tolmar Pharmaceuticals","1201 Cornerstone DrWindsor, CO 80550",10/02/21
"Top Rx, LLC","2950 Brother BlvdBartlett, TN 38133",02/23/22
"Top Rx, LLC","3893 Courtney Street, Ste 2Bethlehem, PA 18017",10/18/23
"Tri-anim Health Services, Inc","2241 N Plaza DrVisalia, CA 93291",01/27/21
"TRI-ANIM Health Services, Inc","1605 Zeager Rd., Ste 102Elizabethtown, PA 17022",Reaccreditation in process
"Tri-anim Health Services, Inc","2911 S Great SW Parkway Ste 250Grand Prairie, TX 75052",10/13/22
"Tri-anim Health Services, Inc","2619 Ignition Drive, Ste 3Jacksonville, FL 32218",08/29/22
"Tri-anim Health Services, Inc","1033 Collins Road Suite CGreenwood, IN 46143",08/16/22
Trinity Health Corporation dba Trinity Health,"12301 Bluffton RoadFort Wayne, IN 46809",Reaccreditation in process
"Unit Dose Solutions, Inc","860 Aviation Parkway, Suite 400-AMorrisville, NC 27560",05/25/21
Unity Med Wholesale Inc,"277 E Rowland StCovina, CA 91723",11/16/22
"UPS Supply Chain Solutions, Inc","12055 Sage Point Ct, Ste 101   Reno, NV 89506",09/05/22
"UPS Supply Chain Solutions, Inc","1910 Danielson PlMemphis, TN 38114",09/05/22
"UPS Supply Chain Solutions, Inc","13501 Independence PkwyFort Worth, TX 76117",09/05/22
"UPS Supply Chain Solutions, Inc","401 Quality CirHarrisburg, PA 17112",09/05/22
"UPS Supply Chain Solutions, Inc","4990 Aircenter CirReno, NV 89502",05/11/21
"UPS Supply Chain Solutions, Inc","1645 Satellite BlvdDuluth, GA 30097",06/15/21
"UPS Supply Chain Solutions, Inc","1860 Outer Loop RdLouisville, KY 40219",09/13/22
"UPS Supply Chain Solutions, Inc","1920 Outer Loop RdLouisville, KY 40219",09/05/22
"UPS Supply Chain Solutions, Inc","1840 Outer Loop RdLouisville, KY 40219",11/30/21
"UPS Supply Chain Solutions, Inc","11811 Landon Drive, Ste 100Mira Loma, CA 91752",12/18/20
"UPS Supply Chain Solutions, Inc","2260 Outer Loop RdLouisville, KY 40219",03/03/23
"UPS Supply Chain Solutions, Inc","2515 S Tricenter BlvdDurham, NC 27713",05/12/21
"UPS Supply Chain Solutions, Inc","1130 Commerce Blvd, Ste 100Swedesboro, NJ 08085",10/09/21
"UPS Supply Chain Solutions, Inc","2210 Outer Loop RdLouisville, KY 40219",03/21/23
"UPS Supply Chain Solutions, Inc","7 Gateway BlvdPedricktown, NJ 08067",Reaccreditation in process
"UPS Supply Chain Solutions, Inc","2000 Buford Mill Drive, Bldg 100, Ste 200Buford, GA 30519",11/09/22
"UPS Supply Chain Solutions, Inc","700 Manor Park Drive, Suite 100Columbus, OH 43228",11/21/23
"UPS Supply Chain Solutions, Inc","6200 New Cut RoadFairdale, KY 40118",12/14/21
"UPS Supply Chain Solutions, Inc.","775 East DrCarol Stream, IL 60188",03/10/22
"UPS Supply Chain Solutions, Inc.","6204 New Cut RdFairdale, KY 40118",04/03/23
"UPS Supply Chain Solutions, Inc.","300 Quality CircleHarrisburg, PA 17112",04/04/23
UPS Supply Chain Solutions. Inc,"5071 S. Preston HighwayShepherdsville, KY 40165",04/07/23
UPS Supply Chains Solutions Inc.,"5849 West Schulte Rd, Ste 107Tracy, CA 95377",03/25/23
Value Drug Company,"195 Theater DriveDuncansville, PA 16635",Reaccreditation in process
"VaxServe, Inc, a Sanofi Pasteur Co","2500 Southpoint DrForest Park, GA 30297",10/22/21
"VaxServe, Inc, a Sanofi Pasteur Co","50 Stauffer Industrial ParkTaylor, PA 18517",Reaccreditation in process
"VaxServe, Inc, a Sanofi Pasteur Company","1025 Sandhill RoadReno, NV 89521",12/19/20
"Vedco, Inc","5503 Corporate DriveSt Joseph, MO 64507",Reaccreditation in process
"Versiti Indiana, Inc dba Indiana Blood Center","3450 North Meridian StIndianapolis, IN 46208",10/28/21
"VET4U, LLC ","7020 Fly Rd, Suite 3East Syracuse, NY 13057",09/09/21
"VistaPharm, LLC","13701 66th Street NorthLargo, FL 33771",11/01/21
"VWR International, LLC","800 E Fabyan PkwyBatavia, IL 60510",04/09/21
"VWR International, LLC","2039 Centersquare RdBridgeport, NJ 08014",04/09/21
"VWR International, LLC","8711 Riggin AveVisalia, CA 93291",12/31/21
"VWR International, LLC","1050 Satellite Boulevard NWSuwanee, GA 30024",11/19/21
"Wal-Mart Stores East, LP dba Wal-Mart Pharmacy Warehouse #1","2252 North 8th StreetRogers, AR 72756",01/16/22
"Wal-Mart Stores East, LP dba Wal-Mart Pharmacy Warehouse #13","4501 Wal-Mart WayTifton, GA 31794",Reaccreditation in process
"Wal-Mart Stores East, LP dba Wal-Mart Pharmacy Warehouse #28","801 Corda BoulevardCrawfordsville, IN 47933",01/16/22
"Wal-Mart Stores East, LP dba Wal-Mart Pharmacy Warehouse #32","13231 S 11th AveHanford, CA 93230",Reaccreditation in process
"Wal-Mart Stores East, LP dba Wal-Mart Pharmacy Warehouse #46","11121 Elliott PlWilliamsport, MD 21795",Reaccreditation in process
Walgreen Company,"5100 Lake Terrace NEMount Vernon, IL 62864",03/15/22
Walgreen Company,"17500 Perris BlvdMoreno Valley, CA 92551",Reaccreditation in process
Walgreens Company,"28727 Oregon RdPerrysburg, OH 43551",Reaccreditation in process
Wedgewood Connect,"17 great oaks blvdSan Jose, CA 95119",05/15/23
Wellgistics LLC,"358 Eagles Landing DriveLakeland, FL 33810",Reaccreditation in process
"Western Wellness Solutions, LLC","1555 Doolittle Dr, Suite 170San Leandro, CA 94577",10/08/21
"Willow Birch Pharma, Inc","447 County Road 303Taylor, MS 38673",Reaccreditation in process
XGen Pharmaceuticals DJB Inc,"300 Daniel Zenker DriveHorseheads, NY 14845",05/22/22
"Yavari, LLC","8530 NW 93rd StreetMedley, FL 33166",03/15/22
YS Marketing Inc dba Numed Pharma,"265 S Pioneer BlvdSpringboro, OH 45066",Reaccreditation in process
"ZO Skin Health, Inc.","7735 S 134th St, Ste 109Omaha, NE 68138",Reaccreditation in process
